{"initial_reset_timestamp": 1519021033.026322, "timestamps": [1519021067.489352, 1519021068.901129, 1519021071.2218037, 1519021073.4783099, 1519021076.496283, 1519021080.398994, 1519021083.4293153, 1519021085.2757444, 1519021089.345045, 1519021092.610108, 1519021095.4367778, 1519021099.0956862, 1519021102.6212778, 1519021106.2823021, 1519021108.2053032, 1519021112.1325874, 1519021113.3661003, 1519021117.7908618, 1519021120.6404643, 1519021123.2470887, 1519021125.8544354, 1519021128.8711164, 1519021132.4208367, 1519021134.3469605, 1519021137.7306614, 1519021143.8890994, 1519021147.401823, 1519021149.4202037, 1519021155.0175745, 1519021157.2630816, 1519021160.5526469, 1519021162.1929886, 1519021165.1541538, 1519021167.8880186, 1519021172.2055528, 1519021176.3157084, 1519021180.3560424, 1519021182.6090505, 1519021185.3398669, 1519021187.655038, 1519021189.3461437, 1519021193.338085, 1519021195.6909742, 1519021200.124951, 1519021202.5059876, 1519021206.39791, 1519021208.5108662, 1519021210.4451618, 1519021213.4020607, 1519021214.624852, 1519021220.6966517, 1519021223.2930632, 1519021224.6962967, 1519021229.990945, 1519021234.140996, 1519021237.2618, 1519021240.1430016, 1519021245.3634136, 1519021248.5921292, 1519021249.763246, 1519021251.4442508, 1519021254.824805, 1519021257.3390002, 1519021262.7365174, 1519021265.5176618, 1519021267.4613297, 1519021269.4997559, 1519021272.351853, 1519021274.675544, 1519021276.6939878, 1519021278.8964534, 1519021281.2436924, 1519021283.2981231, 1519021287.5048728, 1519021289.0580065, 1519021291.6584284, 1519021294.1433828, 1519021295.93568, 1519021298.9877665, 1519021301.8633814, 1519021305.6263037, 1519021307.4467995, 1519021314.2751985, 1519021315.629303, 1519021319.4334316, 1519021325.7636166, 1519021326.9266903, 1519021328.9756634, 1519021331.75311, 1519021332.9718468, 1519021336.3677263, 1519021338.4833508, 1519021341.0683234, 1519021342.9593153, 1519021348.6920338, 1519021354.1117208, 1519021355.7109768, 1519021357.2912598, 1519021360.7117136, 1519021363.8204525], "episode_lengths": [12, 10, 15, 15, 21, 27, 18, 12, 29, 23, 18, 24, 23, 26, 13, 27, 9, 34, 22, 20, 20, 23, 27, 14, 24, 34, 20, 12, 36, 15, 22, 11, 19, 19, 28, 28, 26, 15, 19, 16, 12, 29, 18, 34, 18, 30, 16, 15, 23, 9, 45, 20, 11, 41, 32, 24, 22, 39, 25, 9, 13, 26, 17, 36, 19, 14, 14, 21, 18, 15, 17, 18, 16, 32, 12, 20, 19, 14, 23, 22, 28, 13, 50, 10, 25, 41, 8, 15, 21, 9, 25, 16, 19, 14, 43, 40, 12, 12, 25, 23], "episode_rewards": [12.0, 10.0, 15.0, 15.0, 21.0, 27.0, 18.0, 12.0, 29.0, 23.0, 18.0, 24.0, 23.0, 26.0, 13.0, 27.0, 9.0, 34.0, 22.0, 20.0, 20.0, 23.0, 27.0, 14.0, 24.0, 34.0, 20.0, 12.0, 36.0, 15.0, 22.0, 11.0, 19.0, 19.0, 28.0, 28.0, 26.0, 15.0, 19.0, 16.0, 12.0, 29.0, 18.0, 34.0, 18.0, 30.0, 16.0, 15.0, 23.0, 9.0, 45.0, 20.0, 11.0, 41.0, 32.0, 24.0, 22.0, 39.0, 25.0, 9.0, 13.0, 26.0, 17.0, 36.0, 19.0, 14.0, 14.0, 21.0, 18.0, 15.0, 17.0, 18.0, 16.0, 32.0, 12.0, 20.0, 19.0, 14.0, 23.0, 22.0, 28.0, 13.0, 50.0, 10.0, 25.0, 41.0, 8.0, 15.0, 21.0, 9.0, 25.0, 16.0, 19.0, 14.0, 43.0, 40.0, 12.0, 12.0, 25.0, 23.0], "episode_types": ["t", "t", "t", "t", "t", "t", "t", "t", "t", "t", "t", "t", "t", "t", "t", "t", "t", "t", "t", "t", "t", "t", "t", "t", "t", "t", "t", "t", "t", "t", "t", "t", "t", "t", "t", "t", "t", "t", "t", "t", "t", "t", "t", "t", "t", "t", "t", "t", "t", "t", "t", "t", "t", "t", "t", "t", "t", "t", "t", "t", "t", "t", "t", "t", "t", "t", "t", "t", "t", "t", "t", "t", "t", "t", "t", "t", "t", "t", "t", "t", "t", "t", "t", "t", "t", "t", "t", "t", "t", "t", "t", "t", "t", "t", "t", "t", "t", "t", "t", "t", "t", "t"]}